Day_Index,Date_Range,Segment,Sessions
10/1/15,"Oct 1, 2015 - Jan 23, 2017",New Users,46
10/1/15,"Oct 1, 2015 - Jan 23, 2017",Returning Users,36
10/2/15,"Oct 1, 2015 - Jan 23, 2017",New Users,44
10/2/15,"Oct 1, 2015 - Jan 23, 2017",Returning Users,21
10/3/15,"Oct 1, 2015 - Jan 23, 2017",New Users,12
10/3/15,"Oct 1, 2015 - Jan 23, 2017",Returning Users,15
10/4/15,"Oct 1, 2015 - Jan 23, 2017",New Users,21
10/4/15,"Oct 1, 2015 - Jan 23, 2017",Returning Users,11
10/5/15,"Oct 1, 2015 - Jan 23, 2017",New Users,69
10/5/15,"Oct 1, 2015 - Jan 23, 2017",Returning Users,19
10/6/15,"Oct 1, 2015 - Jan 23, 2017",New Users,64
10/6/15,"Oct 1, 2015 - Jan 23, 2017",Returning Users,23
10/7/15,"Oct 1, 2015 - Jan 23, 2017",New Users,56
10/7/15,"Oct 1, 2015 - Jan 23, 2017",Returning Users,28
10/8/15,"Oct 1, 2015 - Jan 23, 2017",New Users,54
10/8/15,"Oct 1, 2015 - Jan 23, 2017",Returning Users,29
10/9/15,"Oct 1, 2015 - Jan 23, 2017",New Users,46
10/9/15,"Oct 1, 2015 - Jan 23, 2017",Returning Users,25
10/10/15,"Oct 1, 2015 - Jan 23, 2017",New Users,20
10/10/15,"Oct 1, 2015 - Jan 23, 2017",Returning Users,11
10/11/15,"Oct 1, 2015 - Jan 23, 2017",New Users,26
10/11/15,"Oct 1, 2015 - Jan 23, 2017",Returning Users,16
10/12/15,"Oct 1, 2015 - Jan 23, 2017",New Users,67
10/12/15,"Oct 1, 2015 - Jan 23, 2017",Returning Users,36
10/13/15,"Oct 1, 2015 - Jan 23, 2017",New Users,55
10/13/15,"Oct 1, 2015 - Jan 23, 2017",Returning Users,35
10/14/15,"Oct 1, 2015 - Jan 23, 2017",New Users,46
10/14/15,"Oct 1, 2015 - Jan 23, 2017",Returning Users,38
10/15/15,"Oct 1, 2015 - Jan 23, 2017",New Users,78
10/15/15,"Oct 1, 2015 - Jan 23, 2017",Returning Users,17
10/16/15,"Oct 1, 2015 - Jan 23, 2017",New Users,60
10/16/15,"Oct 1, 2015 - Jan 23, 2017",Returning Users,39
10/17/15,"Oct 1, 2015 - Jan 23, 2017",New Users,20
10/17/15,"Oct 1, 2015 - Jan 23, 2017",Returning Users,10
10/18/15,"Oct 1, 2015 - Jan 23, 2017",New Users,33
10/18/15,"Oct 1, 2015 - Jan 23, 2017",Returning Users,13
10/19/15,"Oct 1, 2015 - Jan 23, 2017",New Users,58
10/19/15,"Oct 1, 2015 - Jan 23, 2017",Returning Users,35
10/20/15,"Oct 1, 2015 - Jan 23, 2017",New Users,61
10/20/15,"Oct 1, 2015 - Jan 23, 2017",Returning Users,26
10/21/15,"Oct 1, 2015 - Jan 23, 2017",New Users,58
10/21/15,"Oct 1, 2015 - Jan 23, 2017",Returning Users,32
10/22/15,"Oct 1, 2015 - Jan 23, 2017",New Users,71
10/22/15,"Oct 1, 2015 - Jan 23, 2017",Returning Users,30
10/23/15,"Oct 1, 2015 - Jan 23, 2017",New Users,53
10/23/15,"Oct 1, 2015 - Jan 23, 2017",Returning Users,22
10/24/15,"Oct 1, 2015 - Jan 23, 2017",New Users,25
10/24/15,"Oct 1, 2015 - Jan 23, 2017",Returning Users,6
10/25/15,"Oct 1, 2015 - Jan 23, 2017",New Users,25
10/25/15,"Oct 1, 2015 - Jan 23, 2017",Returning Users,13
10/26/15,"Oct 1, 2015 - Jan 23, 2017",New Users,71
10/26/15,"Oct 1, 2015 - Jan 23, 2017",Returning Users,35
10/27/15,"Oct 1, 2015 - Jan 23, 2017",New Users,77
10/27/15,"Oct 1, 2015 - Jan 23, 2017",Returning Users,36
10/28/15,"Oct 1, 2015 - Jan 23, 2017",New Users,59
10/28/15,"Oct 1, 2015 - Jan 23, 2017",Returning Users,32
10/29/15,"Oct 1, 2015 - Jan 23, 2017",New Users,75
10/29/15,"Oct 1, 2015 - Jan 23, 2017",Returning Users,53
10/30/15,"Oct 1, 2015 - Jan 23, 2017",New Users,37
10/30/15,"Oct 1, 2015 - Jan 23, 2017",Returning Users,19
10/31/15,"Oct 1, 2015 - Jan 23, 2017",New Users,20
10/31/15,"Oct 1, 2015 - Jan 23, 2017",Returning Users,19
11/1/15,"Oct 1, 2015 - Jan 23, 2017",New Users,33
11/1/15,"Oct 1, 2015 - Jan 23, 2017",Returning Users,13
11/2/15,"Oct 1, 2015 - Jan 23, 2017",New Users,53
11/2/15,"Oct 1, 2015 - Jan 23, 2017",Returning Users,25
11/3/15,"Oct 1, 2015 - Jan 23, 2017",New Users,51
11/3/15,"Oct 1, 2015 - Jan 23, 2017",Returning Users,37
11/4/15,"Oct 1, 2015 - Jan 23, 2017",New Users,83
11/4/15,"Oct 1, 2015 - Jan 23, 2017",Returning Users,38
11/5/15,"Oct 1, 2015 - Jan 23, 2017",New Users,61
11/5/15,"Oct 1, 2015 - Jan 23, 2017",Returning Users,36
11/6/15,"Oct 1, 2015 - Jan 23, 2017",New Users,46
11/6/15,"Oct 1, 2015 - Jan 23, 2017",Returning Users,33
11/7/15,"Oct 1, 2015 - Jan 23, 2017",New Users,31
11/7/15,"Oct 1, 2015 - Jan 23, 2017",Returning Users,14
11/8/15,"Oct 1, 2015 - Jan 23, 2017",New Users,42
11/8/15,"Oct 1, 2015 - Jan 23, 2017",Returning Users,31
11/9/15,"Oct 1, 2015 - Jan 23, 2017",New Users,80
11/9/15,"Oct 1, 2015 - Jan 23, 2017",Returning Users,40
11/10/15,"Oct 1, 2015 - Jan 23, 2017",New Users,74
11/10/15,"Oct 1, 2015 - Jan 23, 2017",Returning Users,32
11/11/15,"Oct 1, 2015 - Jan 23, 2017",New Users,67
11/11/15,"Oct 1, 2015 - Jan 23, 2017",Returning Users,44
11/12/15,"Oct 1, 2015 - Jan 23, 2017",New Users,55
11/12/15,"Oct 1, 2015 - Jan 23, 2017",Returning Users,40
11/13/15,"Oct 1, 2015 - Jan 23, 2017",New Users,66
11/13/15,"Oct 1, 2015 - Jan 23, 2017",Returning Users,44
11/14/15,"Oct 1, 2015 - Jan 23, 2017",New Users,26
11/14/15,"Oct 1, 2015 - Jan 23, 2017",Returning Users,16
11/15/15,"Oct 1, 2015 - Jan 23, 2017",New Users,44
11/15/15,"Oct 1, 2015 - Jan 23, 2017",Returning Users,28
11/16/15,"Oct 1, 2015 - Jan 23, 2017",New Users,59
11/16/15,"Oct 1, 2015 - Jan 23, 2017",Returning Users,54
11/17/15,"Oct 1, 2015 - Jan 23, 2017",New Users,74
11/17/15,"Oct 1, 2015 - Jan 23, 2017",Returning Users,46
11/18/15,"Oct 1, 2015 - Jan 23, 2017",New Users,82
11/18/15,"Oct 1, 2015 - Jan 23, 2017",Returning Users,43
11/19/15,"Oct 1, 2015 - Jan 23, 2017",New Users,59
11/19/15,"Oct 1, 2015 - Jan 23, 2017",Returning Users,36
11/20/15,"Oct 1, 2015 - Jan 23, 2017",New Users,50
11/20/15,"Oct 1, 2015 - Jan 23, 2017",Returning Users,33
11/21/15,"Oct 1, 2015 - Jan 23, 2017",New Users,21
11/21/15,"Oct 1, 2015 - Jan 23, 2017",Returning Users,13
11/22/15,"Oct 1, 2015 - Jan 23, 2017",New Users,37
11/22/15,"Oct 1, 2015 - Jan 23, 2017",Returning Users,19
11/23/15,"Oct 1, 2015 - Jan 23, 2017",New Users,93
11/23/15,"Oct 1, 2015 - Jan 23, 2017",Returning Users,61
11/24/15,"Oct 1, 2015 - Jan 23, 2017",New Users,85
11/24/15,"Oct 1, 2015 - Jan 23, 2017",Returning Users,54
11/25/15,"Oct 1, 2015 - Jan 23, 2017",New Users,64
11/25/15,"Oct 1, 2015 - Jan 23, 2017",Returning Users,35
11/26/15,"Oct 1, 2015 - Jan 23, 2017",New Users,51
11/26/15,"Oct 1, 2015 - Jan 23, 2017",Returning Users,29
11/27/15,"Oct 1, 2015 - Jan 23, 2017",New Users,45
11/27/15,"Oct 1, 2015 - Jan 23, 2017",Returning Users,26
11/28/15,"Oct 1, 2015 - Jan 23, 2017",New Users,20
11/28/15,"Oct 1, 2015 - Jan 23, 2017",Returning Users,5
11/29/15,"Oct 1, 2015 - Jan 23, 2017",New Users,32
11/29/15,"Oct 1, 2015 - Jan 23, 2017",Returning Users,20
11/30/15,"Oct 1, 2015 - Jan 23, 2017",New Users,136
11/30/15,"Oct 1, 2015 - Jan 23, 2017",Returning Users,43
12/1/15,"Oct 1, 2015 - Jan 23, 2017",New Users,60
12/1/15,"Oct 1, 2015 - Jan 23, 2017",Returning Users,38
12/2/15,"Oct 1, 2015 - Jan 23, 2017",New Users,87
12/2/15,"Oct 1, 2015 - Jan 23, 2017",Returning Users,34
12/3/15,"Oct 1, 2015 - Jan 23, 2017",New Users,70
12/3/15,"Oct 1, 2015 - Jan 23, 2017",Returning Users,42
12/4/15,"Oct 1, 2015 - Jan 23, 2017",New Users,53
12/4/15,"Oct 1, 2015 - Jan 23, 2017",Returning Users,41
12/5/15,"Oct 1, 2015 - Jan 23, 2017",New Users,18
12/5/15,"Oct 1, 2015 - Jan 23, 2017",Returning Users,15
12/6/15,"Oct 1, 2015 - Jan 23, 2017",New Users,45
12/6/15,"Oct 1, 2015 - Jan 23, 2017",Returning Users,16
12/7/15,"Oct 1, 2015 - Jan 23, 2017",New Users,144
12/7/15,"Oct 1, 2015 - Jan 23, 2017",Returning Users,58
12/8/15,"Oct 1, 2015 - Jan 23, 2017",New Users,68
12/8/15,"Oct 1, 2015 - Jan 23, 2017",Returning Users,46
12/9/15,"Oct 1, 2015 - Jan 23, 2017",New Users,88
12/9/15,"Oct 1, 2015 - Jan 23, 2017",Returning Users,53
12/10/15,"Oct 1, 2015 - Jan 23, 2017",New Users,71
12/10/15,"Oct 1, 2015 - Jan 23, 2017",Returning Users,54
12/11/15,"Oct 1, 2015 - Jan 23, 2017",New Users,62
12/11/15,"Oct 1, 2015 - Jan 23, 2017",Returning Users,43
12/12/15,"Oct 1, 2015 - Jan 23, 2017",New Users,27
12/12/15,"Oct 1, 2015 - Jan 23, 2017",Returning Users,21
12/13/15,"Oct 1, 2015 - Jan 23, 2017",New Users,38
12/13/15,"Oct 1, 2015 - Jan 23, 2017",Returning Users,26
12/14/15,"Oct 1, 2015 - Jan 23, 2017",New Users,83
12/14/15,"Oct 1, 2015 - Jan 23, 2017",Returning Users,43
12/15/15,"Oct 1, 2015 - Jan 23, 2017",New Users,73
12/15/15,"Oct 1, 2015 - Jan 23, 2017",Returning Users,30
12/16/15,"Oct 1, 2015 - Jan 23, 2017",New Users,76
12/16/15,"Oct 1, 2015 - Jan 23, 2017",Returning Users,47
12/17/15,"Oct 1, 2015 - Jan 23, 2017",New Users,74
12/17/15,"Oct 1, 2015 - Jan 23, 2017",Returning Users,65
12/18/15,"Oct 1, 2015 - Jan 23, 2017",New Users,73
12/18/15,"Oct 1, 2015 - Jan 23, 2017",Returning Users,40
12/19/15,"Oct 1, 2015 - Jan 23, 2017",New Users,26
12/19/15,"Oct 1, 2015 - Jan 23, 2017",Returning Users,14
12/20/15,"Oct 1, 2015 - Jan 23, 2017",New Users,22
12/20/15,"Oct 1, 2015 - Jan 23, 2017",Returning Users,16
12/21/15,"Oct 1, 2015 - Jan 23, 2017",New Users,63
12/21/15,"Oct 1, 2015 - Jan 23, 2017",Returning Users,40
12/22/15,"Oct 1, 2015 - Jan 23, 2017",New Users,55
12/22/15,"Oct 1, 2015 - Jan 23, 2017",Returning Users,43
12/23/15,"Oct 1, 2015 - Jan 23, 2017",New Users,51
12/23/15,"Oct 1, 2015 - Jan 23, 2017",Returning Users,39
12/24/15,"Oct 1, 2015 - Jan 23, 2017",New Users,42
12/24/15,"Oct 1, 2015 - Jan 23, 2017",Returning Users,36
12/25/15,"Oct 1, 2015 - Jan 23, 2017",New Users,15
12/25/15,"Oct 1, 2015 - Jan 23, 2017",Returning Users,18
12/26/15,"Oct 1, 2015 - Jan 23, 2017",New Users,13
12/26/15,"Oct 1, 2015 - Jan 23, 2017",Returning Users,8
12/27/15,"Oct 1, 2015 - Jan 23, 2017",New Users,23
12/27/15,"Oct 1, 2015 - Jan 23, 2017",Returning Users,26
12/28/15,"Oct 1, 2015 - Jan 23, 2017",New Users,45
12/28/15,"Oct 1, 2015 - Jan 23, 2017",Returning Users,40
12/29/15,"Oct 1, 2015 - Jan 23, 2017",New Users,60
12/29/15,"Oct 1, 2015 - Jan 23, 2017",Returning Users,30
12/30/15,"Oct 1, 2015 - Jan 23, 2017",New Users,41
12/30/15,"Oct 1, 2015 - Jan 23, 2017",Returning Users,23
12/31/15,"Oct 1, 2015 - Jan 23, 2017",New Users,22
12/31/15,"Oct 1, 2015 - Jan 23, 2017",Returning Users,17
1/1/16,"Oct 1, 2015 - Jan 23, 2017",New Users,17
1/1/16,"Oct 1, 2015 - Jan 23, 2017",Returning Users,12
1/2/16,"Oct 1, 2015 - Jan 23, 2017",New Users,23
1/2/16,"Oct 1, 2015 - Jan 23, 2017",Returning Users,13
1/3/16,"Oct 1, 2015 - Jan 23, 2017",New Users,25
1/3/16,"Oct 1, 2015 - Jan 23, 2017",Returning Users,12
1/4/16,"Oct 1, 2015 - Jan 23, 2017",New Users,75
1/4/16,"Oct 1, 2015 - Jan 23, 2017",Returning Users,40
1/5/16,"Oct 1, 2015 - Jan 23, 2017",New Users,76
1/5/16,"Oct 1, 2015 - Jan 23, 2017",Returning Users,31
1/6/16,"Oct 1, 2015 - Jan 23, 2017",New Users,66
1/6/16,"Oct 1, 2015 - Jan 23, 2017",Returning Users,46
1/7/16,"Oct 1, 2015 - Jan 23, 2017",New Users,83
1/7/16,"Oct 1, 2015 - Jan 23, 2017",Returning Users,48
1/8/16,"Oct 1, 2015 - Jan 23, 2017",New Users,56
1/8/16,"Oct 1, 2015 - Jan 23, 2017",Returning Users,41
1/9/16,"Oct 1, 2015 - Jan 23, 2017",New Users,32
1/9/16,"Oct 1, 2015 - Jan 23, 2017",Returning Users,18
1/10/16,"Oct 1, 2015 - Jan 23, 2017",New Users,40
1/10/16,"Oct 1, 2015 - Jan 23, 2017",Returning Users,27
1/11/16,"Oct 1, 2015 - Jan 23, 2017",New Users,76
1/11/16,"Oct 1, 2015 - Jan 23, 2017",Returning Users,55
1/12/16,"Oct 1, 2015 - Jan 23, 2017",New Users,84
1/12/16,"Oct 1, 2015 - Jan 23, 2017",Returning Users,50
1/13/16,"Oct 1, 2015 - Jan 23, 2017",New Users,80
1/13/16,"Oct 1, 2015 - Jan 23, 2017",Returning Users,54
1/14/16,"Oct 1, 2015 - Jan 23, 2017",New Users,93
1/14/16,"Oct 1, 2015 - Jan 23, 2017",Returning Users,77
1/15/16,"Oct 1, 2015 - Jan 23, 2017",New Users,74
1/15/16,"Oct 1, 2015 - Jan 23, 2017",Returning Users,30
1/16/16,"Oct 1, 2015 - Jan 23, 2017",New Users,37
1/16/16,"Oct 1, 2015 - Jan 23, 2017",Returning Users,17
1/17/16,"Oct 1, 2015 - Jan 23, 2017",New Users,25
1/17/16,"Oct 1, 2015 - Jan 23, 2017",Returning Users,33
1/18/16,"Oct 1, 2015 - Jan 23, 2017",New Users,69
1/18/16,"Oct 1, 2015 - Jan 23, 2017",Returning Users,68
1/19/16,"Oct 1, 2015 - Jan 23, 2017",New Users,107
1/19/16,"Oct 1, 2015 - Jan 23, 2017",Returning Users,53
1/20/16,"Oct 1, 2015 - Jan 23, 2017",New Users,95
1/20/16,"Oct 1, 2015 - Jan 23, 2017",Returning Users,59
1/21/16,"Oct 1, 2015 - Jan 23, 2017",New Users,94
1/21/16,"Oct 1, 2015 - Jan 23, 2017",Returning Users,68
1/22/16,"Oct 1, 2015 - Jan 23, 2017",New Users,72
1/22/16,"Oct 1, 2015 - Jan 23, 2017",Returning Users,42
1/23/16,"Oct 1, 2015 - Jan 23, 2017",New Users,46
1/23/16,"Oct 1, 2015 - Jan 23, 2017",Returning Users,26
1/24/16,"Oct 1, 2015 - Jan 23, 2017",New Users,35
1/24/16,"Oct 1, 2015 - Jan 23, 2017",Returning Users,34
1/25/16,"Oct 1, 2015 - Jan 23, 2017",New Users,91
1/25/16,"Oct 1, 2015 - Jan 23, 2017",Returning Users,60
1/26/16,"Oct 1, 2015 - Jan 23, 2017",New Users,105
1/26/16,"Oct 1, 2015 - Jan 23, 2017",Returning Users,58
1/27/16,"Oct 1, 2015 - Jan 23, 2017",New Users,105
1/27/16,"Oct 1, 2015 - Jan 23, 2017",Returning Users,43
1/28/16,"Oct 1, 2015 - Jan 23, 2017",New Users,103
1/28/16,"Oct 1, 2015 - Jan 23, 2017",Returning Users,74
1/29/16,"Oct 1, 2015 - Jan 23, 2017",New Users,85
1/29/16,"Oct 1, 2015 - Jan 23, 2017",Returning Users,50
1/30/16,"Oct 1, 2015 - Jan 23, 2017",New Users,58
1/30/16,"Oct 1, 2015 - Jan 23, 2017",Returning Users,29
1/31/16,"Oct 1, 2015 - Jan 23, 2017",New Users,44
1/31/16,"Oct 1, 2015 - Jan 23, 2017",Returning Users,38
2/1/16,"Oct 1, 2015 - Jan 23, 2017",New Users,107
2/1/16,"Oct 1, 2015 - Jan 23, 2017",Returning Users,79
2/2/16,"Oct 1, 2015 - Jan 23, 2017",New Users,90
2/2/16,"Oct 1, 2015 - Jan 23, 2017",Returning Users,70
2/3/16,"Oct 1, 2015 - Jan 23, 2017",New Users,83
2/3/16,"Oct 1, 2015 - Jan 23, 2017",Returning Users,50
2/4/16,"Oct 1, 2015 - Jan 23, 2017",New Users,86
2/4/16,"Oct 1, 2015 - Jan 23, 2017",Returning Users,68
2/5/16,"Oct 1, 2015 - Jan 23, 2017",New Users,89
2/5/16,"Oct 1, 2015 - Jan 23, 2017",Returning Users,33
2/6/16,"Oct 1, 2015 - Jan 23, 2017",New Users,32
2/6/16,"Oct 1, 2015 - Jan 23, 2017",Returning Users,16
2/7/16,"Oct 1, 2015 - Jan 23, 2017",New Users,49
2/7/16,"Oct 1, 2015 - Jan 23, 2017",Returning Users,30
2/8/16,"Oct 1, 2015 - Jan 23, 2017",New Users,101
2/8/16,"Oct 1, 2015 - Jan 23, 2017",Returning Users,49
2/9/16,"Oct 1, 2015 - Jan 23, 2017",New Users,94
2/9/16,"Oct 1, 2015 - Jan 23, 2017",Returning Users,42
2/10/16,"Oct 1, 2015 - Jan 23, 2017",New Users,90
2/10/16,"Oct 1, 2015 - Jan 23, 2017",Returning Users,50
2/11/16,"Oct 1, 2015 - Jan 23, 2017",New Users,80
2/11/16,"Oct 1, 2015 - Jan 23, 2017",Returning Users,53
2/12/16,"Oct 1, 2015 - Jan 23, 2017",New Users,83
2/12/16,"Oct 1, 2015 - Jan 23, 2017",Returning Users,33
2/13/16,"Oct 1, 2015 - Jan 23, 2017",New Users,36
2/13/16,"Oct 1, 2015 - Jan 23, 2017",Returning Users,16
2/14/16,"Oct 1, 2015 - Jan 23, 2017",New Users,39
2/14/16,"Oct 1, 2015 - Jan 23, 2017",Returning Users,37
2/15/16,"Oct 1, 2015 - Jan 23, 2017",New Users,102
2/15/16,"Oct 1, 2015 - Jan 23, 2017",Returning Users,72
2/16/16,"Oct 1, 2015 - Jan 23, 2017",New Users,82
2/16/16,"Oct 1, 2015 - Jan 23, 2017",Returning Users,53
2/17/16,"Oct 1, 2015 - Jan 23, 2017",New Users,94
2/17/16,"Oct 1, 2015 - Jan 23, 2017",Returning Users,73
2/18/16,"Oct 1, 2015 - Jan 23, 2017",New Users,97
2/18/16,"Oct 1, 2015 - Jan 23, 2017",Returning Users,71
2/19/16,"Oct 1, 2015 - Jan 23, 2017",New Users,71
2/19/16,"Oct 1, 2015 - Jan 23, 2017",Returning Users,40
2/20/16,"Oct 1, 2015 - Jan 23, 2017",New Users,44
2/20/16,"Oct 1, 2015 - Jan 23, 2017",Returning Users,22
2/21/16,"Oct 1, 2015 - Jan 23, 2017",New Users,49
2/21/16,"Oct 1, 2015 - Jan 23, 2017",Returning Users,31
2/22/16,"Oct 1, 2015 - Jan 23, 2017",New Users,96
2/22/16,"Oct 1, 2015 - Jan 23, 2017",Returning Users,61
2/23/16,"Oct 1, 2015 - Jan 23, 2017",New Users,109
2/23/16,"Oct 1, 2015 - Jan 23, 2017",Returning Users,72
2/24/16,"Oct 1, 2015 - Jan 23, 2017",New Users,112
2/24/16,"Oct 1, 2015 - Jan 23, 2017",Returning Users,60
2/25/16,"Oct 1, 2015 - Jan 23, 2017",New Users,111
2/25/16,"Oct 1, 2015 - Jan 23, 2017",Returning Users,67
2/26/16,"Oct 1, 2015 - Jan 23, 2017",New Users,53
2/26/16,"Oct 1, 2015 - Jan 23, 2017",Returning Users,48
2/27/16,"Oct 1, 2015 - Jan 23, 2017",New Users,39
2/27/16,"Oct 1, 2015 - Jan 23, 2017",Returning Users,21
2/28/16,"Oct 1, 2015 - Jan 23, 2017",New Users,52
2/28/16,"Oct 1, 2015 - Jan 23, 2017",Returning Users,33
2/29/16,"Oct 1, 2015 - Jan 23, 2017",New Users,87
2/29/16,"Oct 1, 2015 - Jan 23, 2017",Returning Users,68
3/1/16,"Oct 1, 2015 - Jan 23, 2017",New Users,104
3/1/16,"Oct 1, 2015 - Jan 23, 2017",Returning Users,53
3/2/16,"Oct 1, 2015 - Jan 23, 2017",New Users,95
3/2/16,"Oct 1, 2015 - Jan 23, 2017",Returning Users,70
3/3/16,"Oct 1, 2015 - Jan 23, 2017",New Users,108
3/3/16,"Oct 1, 2015 - Jan 23, 2017",Returning Users,70
3/4/16,"Oct 1, 2015 - Jan 23, 2017",New Users,79
3/4/16,"Oct 1, 2015 - Jan 23, 2017",Returning Users,59
3/5/16,"Oct 1, 2015 - Jan 23, 2017",New Users,32
3/5/16,"Oct 1, 2015 - Jan 23, 2017",Returning Users,32
3/6/16,"Oct 1, 2015 - Jan 23, 2017",New Users,52
3/6/16,"Oct 1, 2015 - Jan 23, 2017",Returning Users,35
3/7/16,"Oct 1, 2015 - Jan 23, 2017",New Users,117
3/7/16,"Oct 1, 2015 - Jan 23, 2017",Returning Users,85
3/8/16,"Oct 1, 2015 - Jan 23, 2017",New Users,129
3/8/16,"Oct 1, 2015 - Jan 23, 2017",Returning Users,59
3/9/16,"Oct 1, 2015 - Jan 23, 2017",New Users,99
3/9/16,"Oct 1, 2015 - Jan 23, 2017",Returning Users,67
3/10/16,"Oct 1, 2015 - Jan 23, 2017",New Users,92
3/10/16,"Oct 1, 2015 - Jan 23, 2017",Returning Users,68
3/11/16,"Oct 1, 2015 - Jan 23, 2017",New Users,87
3/11/16,"Oct 1, 2015 - Jan 23, 2017",Returning Users,55
3/12/16,"Oct 1, 2015 - Jan 23, 2017",New Users,36
3/12/16,"Oct 1, 2015 - Jan 23, 2017",Returning Users,24
3/13/16,"Oct 1, 2015 - Jan 23, 2017",New Users,50
3/13/16,"Oct 1, 2015 - Jan 23, 2017",Returning Users,25
3/14/16,"Oct 1, 2015 - Jan 23, 2017",New Users,110
3/14/16,"Oct 1, 2015 - Jan 23, 2017",Returning Users,67
3/15/16,"Oct 1, 2015 - Jan 23, 2017",New Users,113
3/15/16,"Oct 1, 2015 - Jan 23, 2017",Returning Users,82
3/16/16,"Oct 1, 2015 - Jan 23, 2017",New Users,116
3/16/16,"Oct 1, 2015 - Jan 23, 2017",Returning Users,65
3/17/16,"Oct 1, 2015 - Jan 23, 2017",New Users,107
3/17/16,"Oct 1, 2015 - Jan 23, 2017",Returning Users,65
3/18/16,"Oct 1, 2015 - Jan 23, 2017",New Users,84
3/18/16,"Oct 1, 2015 - Jan 23, 2017",Returning Users,62
3/19/16,"Oct 1, 2015 - Jan 23, 2017",New Users,52
3/19/16,"Oct 1, 2015 - Jan 23, 2017",Returning Users,23
3/20/16,"Oct 1, 2015 - Jan 23, 2017",New Users,49
3/20/16,"Oct 1, 2015 - Jan 23, 2017",Returning Users,31
3/21/16,"Oct 1, 2015 - Jan 23, 2017",New Users,113
3/21/16,"Oct 1, 2015 - Jan 23, 2017",Returning Users,72
3/22/16,"Oct 1, 2015 - Jan 23, 2017",New Users,103
3/22/16,"Oct 1, 2015 - Jan 23, 2017",Returning Users,67
3/23/16,"Oct 1, 2015 - Jan 23, 2017",New Users,107
3/23/16,"Oct 1, 2015 - Jan 23, 2017",Returning Users,69
3/24/16,"Oct 1, 2015 - Jan 23, 2017",New Users,84
3/24/16,"Oct 1, 2015 - Jan 23, 2017",Returning Users,70
3/25/16,"Oct 1, 2015 - Jan 23, 2017",New Users,75
3/25/16,"Oct 1, 2015 - Jan 23, 2017",Returning Users,45
3/26/16,"Oct 1, 2015 - Jan 23, 2017",New Users,60
3/26/16,"Oct 1, 2015 - Jan 23, 2017",Returning Users,38
3/27/16,"Oct 1, 2015 - Jan 23, 2017",New Users,54
3/27/16,"Oct 1, 2015 - Jan 23, 2017",Returning Users,32
3/28/16,"Oct 1, 2015 - Jan 23, 2017",New Users,98
3/28/16,"Oct 1, 2015 - Jan 23, 2017",Returning Users,56
3/29/16,"Oct 1, 2015 - Jan 23, 2017",New Users,116
3/29/16,"Oct 1, 2015 - Jan 23, 2017",Returning Users,62
3/30/16,"Oct 1, 2015 - Jan 23, 2017",New Users,123
3/30/16,"Oct 1, 2015 - Jan 23, 2017",Returning Users,87
3/31/16,"Oct 1, 2015 - Jan 23, 2017",New Users,95
3/31/16,"Oct 1, 2015 - Jan 23, 2017",Returning Users,55
4/1/16,"Oct 1, 2015 - Jan 23, 2017",New Users,81
4/1/16,"Oct 1, 2015 - Jan 23, 2017",Returning Users,58
4/2/16,"Oct 1, 2015 - Jan 23, 2017",New Users,49
4/2/16,"Oct 1, 2015 - Jan 23, 2017",Returning Users,25
4/3/16,"Oct 1, 2015 - Jan 23, 2017",New Users,60
4/3/16,"Oct 1, 2015 - Jan 23, 2017",Returning Users,44
4/4/16,"Oct 1, 2015 - Jan 23, 2017",New Users,101
4/4/16,"Oct 1, 2015 - Jan 23, 2017",Returning Users,43
4/5/16,"Oct 1, 2015 - Jan 23, 2017",New Users,126
4/5/16,"Oct 1, 2015 - Jan 23, 2017",Returning Users,58
4/6/16,"Oct 1, 2015 - Jan 23, 2017",New Users,141
4/6/16,"Oct 1, 2015 - Jan 23, 2017",Returning Users,64
4/7/16,"Oct 1, 2015 - Jan 23, 2017",New Users,109
4/7/16,"Oct 1, 2015 - Jan 23, 2017",Returning Users,41
4/8/16,"Oct 1, 2015 - Jan 23, 2017",New Users,84
4/8/16,"Oct 1, 2015 - Jan 23, 2017",Returning Users,47
4/9/16,"Oct 1, 2015 - Jan 23, 2017",New Users,58
4/9/16,"Oct 1, 2015 - Jan 23, 2017",Returning Users,22
4/10/16,"Oct 1, 2015 - Jan 23, 2017",New Users,58
4/10/16,"Oct 1, 2015 - Jan 23, 2017",Returning Users,33
4/11/16,"Oct 1, 2015 - Jan 23, 2017",New Users,118
4/11/16,"Oct 1, 2015 - Jan 23, 2017",Returning Users,75
4/12/16,"Oct 1, 2015 - Jan 23, 2017",New Users,115
4/12/16,"Oct 1, 2015 - Jan 23, 2017",Returning Users,71
4/13/16,"Oct 1, 2015 - Jan 23, 2017",New Users,112
4/13/16,"Oct 1, 2015 - Jan 23, 2017",Returning Users,53
4/14/16,"Oct 1, 2015 - Jan 23, 2017",New Users,114
4/14/16,"Oct 1, 2015 - Jan 23, 2017",Returning Users,57
4/15/16,"Oct 1, 2015 - Jan 23, 2017",New Users,81
4/15/16,"Oct 1, 2015 - Jan 23, 2017",Returning Users,64
4/16/16,"Oct 1, 2015 - Jan 23, 2017",New Users,55
4/16/16,"Oct 1, 2015 - Jan 23, 2017",Returning Users,28
4/17/16,"Oct 1, 2015 - Jan 23, 2017",New Users,62
4/17/16,"Oct 1, 2015 - Jan 23, 2017",Returning Users,47
4/18/16,"Oct 1, 2015 - Jan 23, 2017",New Users,106
4/18/16,"Oct 1, 2015 - Jan 23, 2017",Returning Users,60
4/19/16,"Oct 1, 2015 - Jan 23, 2017",New Users,137
4/19/16,"Oct 1, 2015 - Jan 23, 2017",Returning Users,67
4/20/16,"Oct 1, 2015 - Jan 23, 2017",New Users,141
4/20/16,"Oct 1, 2015 - Jan 23, 2017",Returning Users,60
4/21/16,"Oct 1, 2015 - Jan 23, 2017",New Users,115
4/21/16,"Oct 1, 2015 - Jan 23, 2017",Returning Users,73
4/22/16,"Oct 1, 2015 - Jan 23, 2017",New Users,72
4/22/16,"Oct 1, 2015 - Jan 23, 2017",Returning Users,52
4/23/16,"Oct 1, 2015 - Jan 23, 2017",New Users,37
4/23/16,"Oct 1, 2015 - Jan 23, 2017",Returning Users,30
4/24/16,"Oct 1, 2015 - Jan 23, 2017",New Users,40
4/24/16,"Oct 1, 2015 - Jan 23, 2017",Returning Users,33
4/25/16,"Oct 1, 2015 - Jan 23, 2017",New Users,128
4/25/16,"Oct 1, 2015 - Jan 23, 2017",Returning Users,67
4/26/16,"Oct 1, 2015 - Jan 23, 2017",New Users,97
4/26/16,"Oct 1, 2015 - Jan 23, 2017",Returning Users,48
4/27/16,"Oct 1, 2015 - Jan 23, 2017",New Users,131
4/27/16,"Oct 1, 2015 - Jan 23, 2017",Returning Users,50
4/28/16,"Oct 1, 2015 - Jan 23, 2017",New Users,123
4/28/16,"Oct 1, 2015 - Jan 23, 2017",Returning Users,69
4/29/16,"Oct 1, 2015 - Jan 23, 2017",New Users,97
4/29/16,"Oct 1, 2015 - Jan 23, 2017",Returning Users,51
4/30/16,"Oct 1, 2015 - Jan 23, 2017",New Users,56
4/30/16,"Oct 1, 2015 - Jan 23, 2017",Returning Users,25
5/1/16,"Oct 1, 2015 - Jan 23, 2017",New Users,46
5/1/16,"Oct 1, 2015 - Jan 23, 2017",Returning Users,35
5/2/16,"Oct 1, 2015 - Jan 23, 2017",New Users,107
5/2/16,"Oct 1, 2015 - Jan 23, 2017",Returning Users,58
5/3/16,"Oct 1, 2015 - Jan 23, 2017",New Users,121
5/3/16,"Oct 1, 2015 - Jan 23, 2017",Returning Users,71
5/4/16,"Oct 1, 2015 - Jan 23, 2017",New Users,118
5/4/16,"Oct 1, 2015 - Jan 23, 2017",Returning Users,92
5/5/16,"Oct 1, 2015 - Jan 23, 2017",New Users,110
5/5/16,"Oct 1, 2015 - Jan 23, 2017",Returning Users,69
5/6/16,"Oct 1, 2015 - Jan 23, 2017",New Users,93
5/6/16,"Oct 1, 2015 - Jan 23, 2017",Returning Users,52
5/7/16,"Oct 1, 2015 - Jan 23, 2017",New Users,49
5/7/16,"Oct 1, 2015 - Jan 23, 2017",Returning Users,21
5/8/16,"Oct 1, 2015 - Jan 23, 2017",New Users,50
5/8/16,"Oct 1, 2015 - Jan 23, 2017",Returning Users,44
5/9/16,"Oct 1, 2015 - Jan 23, 2017",New Users,104
5/9/16,"Oct 1, 2015 - Jan 23, 2017",Returning Users,59
5/10/16,"Oct 1, 2015 - Jan 23, 2017",New Users,129
5/10/16,"Oct 1, 2015 - Jan 23, 2017",Returning Users,74
5/11/16,"Oct 1, 2015 - Jan 23, 2017",New Users,144
5/11/16,"Oct 1, 2015 - Jan 23, 2017",Returning Users,92
5/12/16,"Oct 1, 2015 - Jan 23, 2017",New Users,129
5/12/16,"Oct 1, 2015 - Jan 23, 2017",Returning Users,67
5/13/16,"Oct 1, 2015 - Jan 23, 2017",New Users,117
5/13/16,"Oct 1, 2015 - Jan 23, 2017",Returning Users,73
5/14/16,"Oct 1, 2015 - Jan 23, 2017",New Users,59
5/14/16,"Oct 1, 2015 - Jan 23, 2017",Returning Users,35
5/15/16,"Oct 1, 2015 - Jan 23, 2017",New Users,56
5/15/16,"Oct 1, 2015 - Jan 23, 2017",Returning Users,51
5/16/16,"Oct 1, 2015 - Jan 23, 2017",New Users,119
5/16/16,"Oct 1, 2015 - Jan 23, 2017",Returning Users,76
5/17/16,"Oct 1, 2015 - Jan 23, 2017",New Users,130
5/17/16,"Oct 1, 2015 - Jan 23, 2017",Returning Users,76
5/18/16,"Oct 1, 2015 - Jan 23, 2017",New Users,133
5/18/16,"Oct 1, 2015 - Jan 23, 2017",Returning Users,78
5/19/16,"Oct 1, 2015 - Jan 23, 2017",New Users,148
5/19/16,"Oct 1, 2015 - Jan 23, 2017",Returning Users,69
5/20/16,"Oct 1, 2015 - Jan 23, 2017",New Users,102
5/20/16,"Oct 1, 2015 - Jan 23, 2017",Returning Users,50
5/21/16,"Oct 1, 2015 - Jan 23, 2017",New Users,47
5/21/16,"Oct 1, 2015 - Jan 23, 2017",Returning Users,23
5/22/16,"Oct 1, 2015 - Jan 23, 2017",New Users,61
5/22/16,"Oct 1, 2015 - Jan 23, 2017",Returning Users,27
5/23/16,"Oct 1, 2015 - Jan 23, 2017",New Users,137
5/23/16,"Oct 1, 2015 - Jan 23, 2017",Returning Users,81
5/24/16,"Oct 1, 2015 - Jan 23, 2017",New Users,137
5/24/16,"Oct 1, 2015 - Jan 23, 2017",Returning Users,69
5/25/16,"Oct 1, 2015 - Jan 23, 2017",New Users,140
5/25/16,"Oct 1, 2015 - Jan 23, 2017",Returning Users,65
5/26/16,"Oct 1, 2015 - Jan 23, 2017",New Users,123
5/26/16,"Oct 1, 2015 - Jan 23, 2017",Returning Users,56
5/27/16,"Oct 1, 2015 - Jan 23, 2017",New Users,103
5/27/16,"Oct 1, 2015 - Jan 23, 2017",Returning Users,56
5/28/16,"Oct 1, 2015 - Jan 23, 2017",New Users,38
5/28/16,"Oct 1, 2015 - Jan 23, 2017",Returning Users,18
5/29/16,"Oct 1, 2015 - Jan 23, 2017",New Users,41
5/29/16,"Oct 1, 2015 - Jan 23, 2017",Returning Users,39
5/30/16,"Oct 1, 2015 - Jan 23, 2017",New Users,100
5/30/16,"Oct 1, 2015 - Jan 23, 2017",Returning Users,60
5/31/16,"Oct 1, 2015 - Jan 23, 2017",New Users,126
5/31/16,"Oct 1, 2015 - Jan 23, 2017",Returning Users,68
6/1/16,"Oct 1, 2015 - Jan 23, 2017",New Users,125
6/1/16,"Oct 1, 2015 - Jan 23, 2017",Returning Users,69
6/2/16,"Oct 1, 2015 - Jan 23, 2017",New Users,100
6/2/16,"Oct 1, 2015 - Jan 23, 2017",Returning Users,67
6/3/16,"Oct 1, 2015 - Jan 23, 2017",New Users,106
6/3/16,"Oct 1, 2015 - Jan 23, 2017",Returning Users,44
6/4/16,"Oct 1, 2015 - Jan 23, 2017",New Users,51
6/4/16,"Oct 1, 2015 - Jan 23, 2017",Returning Users,16
6/5/16,"Oct 1, 2015 - Jan 23, 2017",New Users,73
6/5/16,"Oct 1, 2015 - Jan 23, 2017",Returning Users,39
6/6/16,"Oct 1, 2015 - Jan 23, 2017",New Users,119
6/6/16,"Oct 1, 2015 - Jan 23, 2017",Returning Users,71
6/7/16,"Oct 1, 2015 - Jan 23, 2017",New Users,129
6/7/16,"Oct 1, 2015 - Jan 23, 2017",Returning Users,59
6/8/16,"Oct 1, 2015 - Jan 23, 2017",New Users,113
6/8/16,"Oct 1, 2015 - Jan 23, 2017",Returning Users,77
6/9/16,"Oct 1, 2015 - Jan 23, 2017",New Users,144
6/9/16,"Oct 1, 2015 - Jan 23, 2017",Returning Users,69
6/10/16,"Oct 1, 2015 - Jan 23, 2017",New Users,89
6/10/16,"Oct 1, 2015 - Jan 23, 2017",Returning Users,51
6/11/16,"Oct 1, 2015 - Jan 23, 2017",New Users,60
6/11/16,"Oct 1, 2015 - Jan 23, 2017",Returning Users,23
6/12/16,"Oct 1, 2015 - Jan 23, 2017",New Users,60
6/12/16,"Oct 1, 2015 - Jan 23, 2017",Returning Users,45
6/13/16,"Oct 1, 2015 - Jan 23, 2017",New Users,145
6/13/16,"Oct 1, 2015 - Jan 23, 2017",Returning Users,91
6/14/16,"Oct 1, 2015 - Jan 23, 2017",New Users,137
6/14/16,"Oct 1, 2015 - Jan 23, 2017",Returning Users,98
6/15/16,"Oct 1, 2015 - Jan 23, 2017",New Users,146
6/15/16,"Oct 1, 2015 - Jan 23, 2017",Returning Users,80
6/16/16,"Oct 1, 2015 - Jan 23, 2017",New Users,123
6/16/16,"Oct 1, 2015 - Jan 23, 2017",Returning Users,91
6/17/16,"Oct 1, 2015 - Jan 23, 2017",New Users,115
6/17/16,"Oct 1, 2015 - Jan 23, 2017",Returning Users,78
6/18/16,"Oct 1, 2015 - Jan 23, 2017",New Users,64
6/18/16,"Oct 1, 2015 - Jan 23, 2017",Returning Users,44
6/19/16,"Oct 1, 2015 - Jan 23, 2017",New Users,59
6/19/16,"Oct 1, 2015 - Jan 23, 2017",Returning Users,52
6/20/16,"Oct 1, 2015 - Jan 23, 2017",New Users,123
6/20/16,"Oct 1, 2015 - Jan 23, 2017",Returning Users,95
6/21/16,"Oct 1, 2015 - Jan 23, 2017",New Users,144
6/21/16,"Oct 1, 2015 - Jan 23, 2017",Returning Users,77
6/22/16,"Oct 1, 2015 - Jan 23, 2017",New Users,114
6/22/16,"Oct 1, 2015 - Jan 23, 2017",Returning Users,77
6/23/16,"Oct 1, 2015 - Jan 23, 2017",New Users,136
6/23/16,"Oct 1, 2015 - Jan 23, 2017",Returning Users,81
6/24/16,"Oct 1, 2015 - Jan 23, 2017",New Users,96
6/24/16,"Oct 1, 2015 - Jan 23, 2017",Returning Users,48
6/25/16,"Oct 1, 2015 - Jan 23, 2017",New Users,34
6/25/16,"Oct 1, 2015 - Jan 23, 2017",Returning Users,19
6/26/16,"Oct 1, 2015 - Jan 23, 2017",New Users,54
6/26/16,"Oct 1, 2015 - Jan 23, 2017",Returning Users,37
6/27/16,"Oct 1, 2015 - Jan 23, 2017",New Users,108
6/27/16,"Oct 1, 2015 - Jan 23, 2017",Returning Users,101
6/28/16,"Oct 1, 2015 - Jan 23, 2017",New Users,134
6/28/16,"Oct 1, 2015 - Jan 23, 2017",Returning Users,59
6/29/16,"Oct 1, 2015 - Jan 23, 2017",New Users,137
6/29/16,"Oct 1, 2015 - Jan 23, 2017",Returning Users,66
6/30/16,"Oct 1, 2015 - Jan 23, 2017",New Users,126
6/30/16,"Oct 1, 2015 - Jan 23, 2017",Returning Users,62
7/1/16,"Oct 1, 2015 - Jan 23, 2017",New Users,93
7/1/16,"Oct 1, 2015 - Jan 23, 2017",Returning Users,53
7/2/16,"Oct 1, 2015 - Jan 23, 2017",New Users,36
7/2/16,"Oct 1, 2015 - Jan 23, 2017",Returning Users,20
7/3/16,"Oct 1, 2015 - Jan 23, 2017",New Users,59
7/3/16,"Oct 1, 2015 - Jan 23, 2017",Returning Users,42
7/4/16,"Oct 1, 2015 - Jan 23, 2017",New Users,92
7/4/16,"Oct 1, 2015 - Jan 23, 2017",Returning Users,62
7/5/16,"Oct 1, 2015 - Jan 23, 2017",New Users,129
7/5/16,"Oct 1, 2015 - Jan 23, 2017",Returning Users,95
7/6/16,"Oct 1, 2015 - Jan 23, 2017",New Users,122
7/6/16,"Oct 1, 2015 - Jan 23, 2017",Returning Users,88
7/7/16,"Oct 1, 2015 - Jan 23, 2017",New Users,137
7/7/16,"Oct 1, 2015 - Jan 23, 2017",Returning Users,81
7/8/16,"Oct 1, 2015 - Jan 23, 2017",New Users,95
7/8/16,"Oct 1, 2015 - Jan 23, 2017",Returning Users,75
7/9/16,"Oct 1, 2015 - Jan 23, 2017",New Users,44
7/9/16,"Oct 1, 2015 - Jan 23, 2017",Returning Users,19
7/10/16,"Oct 1, 2015 - Jan 23, 2017",New Users,53
7/10/16,"Oct 1, 2015 - Jan 23, 2017",Returning Users,41
7/11/16,"Oct 1, 2015 - Jan 23, 2017",New Users,120
7/11/16,"Oct 1, 2015 - Jan 23, 2017",Returning Users,77
7/12/16,"Oct 1, 2015 - Jan 23, 2017",New Users,117
7/12/16,"Oct 1, 2015 - Jan 23, 2017",Returning Users,80
7/13/16,"Oct 1, 2015 - Jan 23, 2017",New Users,117
7/13/16,"Oct 1, 2015 - Jan 23, 2017",Returning Users,72
7/14/16,"Oct 1, 2015 - Jan 23, 2017",New Users,128
7/14/16,"Oct 1, 2015 - Jan 23, 2017",Returning Users,82
7/15/16,"Oct 1, 2015 - Jan 23, 2017",New Users,86
7/15/16,"Oct 1, 2015 - Jan 23, 2017",Returning Users,41
7/16/16,"Oct 1, 2015 - Jan 23, 2017",New Users,51
7/16/16,"Oct 1, 2015 - Jan 23, 2017",Returning Users,26
7/17/16,"Oct 1, 2015 - Jan 23, 2017",New Users,63
7/17/16,"Oct 1, 2015 - Jan 23, 2017",Returning Users,40
7/18/16,"Oct 1, 2015 - Jan 23, 2017",New Users,136
7/18/16,"Oct 1, 2015 - Jan 23, 2017",Returning Users,97
7/19/16,"Oct 1, 2015 - Jan 23, 2017",New Users,126
7/19/16,"Oct 1, 2015 - Jan 23, 2017",Returning Users,82
7/20/16,"Oct 1, 2015 - Jan 23, 2017",New Users,141
7/20/16,"Oct 1, 2015 - Jan 23, 2017",Returning Users,96
7/21/16,"Oct 1, 2015 - Jan 23, 2017",New Users,124
7/21/16,"Oct 1, 2015 - Jan 23, 2017",Returning Users,80
7/22/16,"Oct 1, 2015 - Jan 23, 2017",New Users,84
7/22/16,"Oct 1, 2015 - Jan 23, 2017",Returning Users,57
7/23/16,"Oct 1, 2015 - Jan 23, 2017",New Users,37
7/23/16,"Oct 1, 2015 - Jan 23, 2017",Returning Users,33
7/24/16,"Oct 1, 2015 - Jan 23, 2017",New Users,50
7/24/16,"Oct 1, 2015 - Jan 23, 2017",Returning Users,45
7/25/16,"Oct 1, 2015 - Jan 23, 2017",New Users,128
7/25/16,"Oct 1, 2015 - Jan 23, 2017",Returning Users,77
7/26/16,"Oct 1, 2015 - Jan 23, 2017",New Users,148
7/26/16,"Oct 1, 2015 - Jan 23, 2017",Returning Users,99
7/27/16,"Oct 1, 2015 - Jan 23, 2017",New Users,118
7/27/16,"Oct 1, 2015 - Jan 23, 2017",Returning Users,102
7/28/16,"Oct 1, 2015 - Jan 23, 2017",New Users,121
7/28/16,"Oct 1, 2015 - Jan 23, 2017",Returning Users,102
7/29/16,"Oct 1, 2015 - Jan 23, 2017",New Users,105
7/29/16,"Oct 1, 2015 - Jan 23, 2017",Returning Users,56
7/30/16,"Oct 1, 2015 - Jan 23, 2017",New Users,48
7/30/16,"Oct 1, 2015 - Jan 23, 2017",Returning Users,37
7/31/16,"Oct 1, 2015 - Jan 23, 2017",New Users,49
7/31/16,"Oct 1, 2015 - Jan 23, 2017",Returning Users,38
8/1/16,"Oct 1, 2015 - Jan 23, 2017",New Users,144
8/1/16,"Oct 1, 2015 - Jan 23, 2017",Returning Users,80
8/2/16,"Oct 1, 2015 - Jan 23, 2017",New Users,123
8/2/16,"Oct 1, 2015 - Jan 23, 2017",Returning Users,78
8/3/16,"Oct 1, 2015 - Jan 23, 2017",New Users,112
8/3/16,"Oct 1, 2015 - Jan 23, 2017",Returning Users,80
8/4/16,"Oct 1, 2015 - Jan 23, 2017",New Users,126
8/4/16,"Oct 1, 2015 - Jan 23, 2017",Returning Users,69
8/5/16,"Oct 1, 2015 - Jan 23, 2017",New Users,107
8/5/16,"Oct 1, 2015 - Jan 23, 2017",Returning Users,67
8/6/16,"Oct 1, 2015 - Jan 23, 2017",New Users,53
8/6/16,"Oct 1, 2015 - Jan 23, 2017",Returning Users,28
8/7/16,"Oct 1, 2015 - Jan 23, 2017",New Users,59
8/7/16,"Oct 1, 2015 - Jan 23, 2017",Returning Users,44
8/8/16,"Oct 1, 2015 - Jan 23, 2017",New Users,161
8/8/16,"Oct 1, 2015 - Jan 23, 2017",Returning Users,78
8/9/16,"Oct 1, 2015 - Jan 23, 2017",New Users,113
8/9/16,"Oct 1, 2015 - Jan 23, 2017",Returning Users,93
8/10/16,"Oct 1, 2015 - Jan 23, 2017",New Users,136
8/10/16,"Oct 1, 2015 - Jan 23, 2017",Returning Users,67
8/11/16,"Oct 1, 2015 - Jan 23, 2017",New Users,129
8/11/16,"Oct 1, 2015 - Jan 23, 2017",Returning Users,95
8/12/16,"Oct 1, 2015 - Jan 23, 2017",New Users,90
8/12/16,"Oct 1, 2015 - Jan 23, 2017",Returning Users,63
8/13/16,"Oct 1, 2015 - Jan 23, 2017",New Users,50
8/13/16,"Oct 1, 2015 - Jan 23, 2017",Returning Users,28
8/14/16,"Oct 1, 2015 - Jan 23, 2017",New Users,56
8/14/16,"Oct 1, 2015 - Jan 23, 2017",Returning Users,39
8/15/16,"Oct 1, 2015 - Jan 23, 2017",New Users,115
8/15/16,"Oct 1, 2015 - Jan 23, 2017",Returning Users,53
8/16/16,"Oct 1, 2015 - Jan 23, 2017",New Users,150
8/16/16,"Oct 1, 2015 - Jan 23, 2017",Returning Users,77
8/17/16,"Oct 1, 2015 - Jan 23, 2017",New Users,135
8/17/16,"Oct 1, 2015 - Jan 23, 2017",Returning Users,78
8/18/16,"Oct 1, 2015 - Jan 23, 2017",New Users,128
8/18/16,"Oct 1, 2015 - Jan 23, 2017",Returning Users,78
8/19/16,"Oct 1, 2015 - Jan 23, 2017",New Users,107
8/19/16,"Oct 1, 2015 - Jan 23, 2017",Returning Users,61
8/20/16,"Oct 1, 2015 - Jan 23, 2017",New Users,40
8/20/16,"Oct 1, 2015 - Jan 23, 2017",Returning Users,22
8/21/16,"Oct 1, 2015 - Jan 23, 2017",New Users,69
8/21/16,"Oct 1, 2015 - Jan 23, 2017",Returning Users,70
8/22/16,"Oct 1, 2015 - Jan 23, 2017",New Users,127
8/22/16,"Oct 1, 2015 - Jan 23, 2017",Returning Users,66
8/23/16,"Oct 1, 2015 - Jan 23, 2017",New Users,118
8/23/16,"Oct 1, 2015 - Jan 23, 2017",Returning Users,102
8/24/16,"Oct 1, 2015 - Jan 23, 2017",New Users,136
8/24/16,"Oct 1, 2015 - Jan 23, 2017",Returning Users,104
8/25/16,"Oct 1, 2015 - Jan 23, 2017",New Users,129
8/25/16,"Oct 1, 2015 - Jan 23, 2017",Returning Users,89
8/26/16,"Oct 1, 2015 - Jan 23, 2017",New Users,104
8/26/16,"Oct 1, 2015 - Jan 23, 2017",Returning Users,64
8/27/16,"Oct 1, 2015 - Jan 23, 2017",New Users,47
8/27/16,"Oct 1, 2015 - Jan 23, 2017",Returning Users,25
8/28/16,"Oct 1, 2015 - Jan 23, 2017",New Users,56
8/28/16,"Oct 1, 2015 - Jan 23, 2017",Returning Users,38
8/29/16,"Oct 1, 2015 - Jan 23, 2017",New Users,139
8/29/16,"Oct 1, 2015 - Jan 23, 2017",Returning Users,61
8/30/16,"Oct 1, 2015 - Jan 23, 2017",New Users,133
8/30/16,"Oct 1, 2015 - Jan 23, 2017",Returning Users,74
8/31/16,"Oct 1, 2015 - Jan 23, 2017",New Users,146
8/31/16,"Oct 1, 2015 - Jan 23, 2017",Returning Users,74
9/1/16,"Oct 1, 2015 - Jan 23, 2017",New Users,129
9/1/16,"Oct 1, 2015 - Jan 23, 2017",Returning Users,59
9/2/16,"Oct 1, 2015 - Jan 23, 2017",New Users,98
9/2/16,"Oct 1, 2015 - Jan 23, 2017",Returning Users,58
9/3/16,"Oct 1, 2015 - Jan 23, 2017",New Users,33
9/3/16,"Oct 1, 2015 - Jan 23, 2017",Returning Users,22
9/4/16,"Oct 1, 2015 - Jan 23, 2017",New Users,48
9/4/16,"Oct 1, 2015 - Jan 23, 2017",Returning Users,27
9/5/16,"Oct 1, 2015 - Jan 23, 2017",New Users,80
9/5/16,"Oct 1, 2015 - Jan 23, 2017",Returning Users,58
9/6/16,"Oct 1, 2015 - Jan 23, 2017",New Users,203
9/6/16,"Oct 1, 2015 - Jan 23, 2017",Returning Users,52
9/7/16,"Oct 1, 2015 - Jan 23, 2017",New Users,172
9/7/16,"Oct 1, 2015 - Jan 23, 2017",Returning Users,91
9/8/16,"Oct 1, 2015 - Jan 23, 2017",New Users,142
9/8/16,"Oct 1, 2015 - Jan 23, 2017",Returning Users,72
9/9/16,"Oct 1, 2015 - Jan 23, 2017",New Users,111
9/9/16,"Oct 1, 2015 - Jan 23, 2017",Returning Users,75
9/10/16,"Oct 1, 2015 - Jan 23, 2017",New Users,49
9/10/16,"Oct 1, 2015 - Jan 23, 2017",Returning Users,38
9/11/16,"Oct 1, 2015 - Jan 23, 2017",New Users,56
9/11/16,"Oct 1, 2015 - Jan 23, 2017",Returning Users,32
9/12/16,"Oct 1, 2015 - Jan 23, 2017",New Users,150
9/12/16,"Oct 1, 2015 - Jan 23, 2017",Returning Users,80
9/13/16,"Oct 1, 2015 - Jan 23, 2017",New Users,144
9/13/16,"Oct 1, 2015 - Jan 23, 2017",Returning Users,82
9/14/16,"Oct 1, 2015 - Jan 23, 2017",New Users,158
9/14/16,"Oct 1, 2015 - Jan 23, 2017",Returning Users,90
9/15/16,"Oct 1, 2015 - Jan 23, 2017",New Users,150
9/15/16,"Oct 1, 2015 - Jan 23, 2017",Returning Users,81
9/16/16,"Oct 1, 2015 - Jan 23, 2017",New Users,99
9/16/16,"Oct 1, 2015 - Jan 23, 2017",Returning Users,84
9/17/16,"Oct 1, 2015 - Jan 23, 2017",New Users,59
9/17/16,"Oct 1, 2015 - Jan 23, 2017",Returning Users,55
9/18/16,"Oct 1, 2015 - Jan 23, 2017",New Users,73
9/18/16,"Oct 1, 2015 - Jan 23, 2017",Returning Users,48
9/19/16,"Oct 1, 2015 - Jan 23, 2017",New Users,131
9/19/16,"Oct 1, 2015 - Jan 23, 2017",Returning Users,93
9/20/16,"Oct 1, 2015 - Jan 23, 2017",New Users,133
9/20/16,"Oct 1, 2015 - Jan 23, 2017",Returning Users,100
9/21/16,"Oct 1, 2015 - Jan 23, 2017",New Users,159
9/21/16,"Oct 1, 2015 - Jan 23, 2017",Returning Users,86
9/22/16,"Oct 1, 2015 - Jan 23, 2017",New Users,142
9/22/16,"Oct 1, 2015 - Jan 23, 2017",Returning Users,103
9/23/16,"Oct 1, 2015 - Jan 23, 2017",New Users,112
9/23/16,"Oct 1, 2015 - Jan 23, 2017",Returning Users,70
9/24/16,"Oct 1, 2015 - Jan 23, 2017",New Users,43
9/24/16,"Oct 1, 2015 - Jan 23, 2017",Returning Users,26
9/25/16,"Oct 1, 2015 - Jan 23, 2017",New Users,56
9/25/16,"Oct 1, 2015 - Jan 23, 2017",Returning Users,41
9/26/16,"Oct 1, 2015 - Jan 23, 2017",New Users,150
9/26/16,"Oct 1, 2015 - Jan 23, 2017",Returning Users,83
9/27/16,"Oct 1, 2015 - Jan 23, 2017",New Users,165
9/27/16,"Oct 1, 2015 - Jan 23, 2017",Returning Users,100
9/28/16,"Oct 1, 2015 - Jan 23, 2017",New Users,140
9/28/16,"Oct 1, 2015 - Jan 23, 2017",Returning Users,106
9/29/16,"Oct 1, 2015 - Jan 23, 2017",New Users,141
9/29/16,"Oct 1, 2015 - Jan 23, 2017",Returning Users,100
9/30/16,"Oct 1, 2015 - Jan 23, 2017",New Users,111
9/30/16,"Oct 1, 2015 - Jan 23, 2017",Returning Users,99
10/1/16,"Oct 1, 2015 - Jan 23, 2017",New Users,48
10/1/16,"Oct 1, 2015 - Jan 23, 2017",Returning Users,17
10/2/16,"Oct 1, 2015 - Jan 23, 2017",New Users,60
10/2/16,"Oct 1, 2015 - Jan 23, 2017",Returning Users,43
10/3/16,"Oct 1, 2015 - Jan 23, 2017",New Users,147
10/3/16,"Oct 1, 2015 - Jan 23, 2017",Returning Users,108
10/4/16,"Oct 1, 2015 - Jan 23, 2017",New Users,159
10/4/16,"Oct 1, 2015 - Jan 23, 2017",Returning Users,77
10/5/16,"Oct 1, 2015 - Jan 23, 2017",New Users,147
10/5/16,"Oct 1, 2015 - Jan 23, 2017",Returning Users,92
10/6/16,"Oct 1, 2015 - Jan 23, 2017",New Users,167
10/6/16,"Oct 1, 2015 - Jan 23, 2017",Returning Users,108
10/7/16,"Oct 1, 2015 - Jan 23, 2017",New Users,139
10/7/16,"Oct 1, 2015 - Jan 23, 2017",Returning Users,91
10/8/16,"Oct 1, 2015 - Jan 23, 2017",New Users,61
10/8/16,"Oct 1, 2015 - Jan 23, 2017",Returning Users,36
10/9/16,"Oct 1, 2015 - Jan 23, 2017",New Users,73
10/9/16,"Oct 1, 2015 - Jan 23, 2017",Returning Users,38
10/10/16,"Oct 1, 2015 - Jan 23, 2017",New Users,144
10/10/16,"Oct 1, 2015 - Jan 23, 2017",Returning Users,98
10/11/16,"Oct 1, 2015 - Jan 23, 2017",New Users,164
10/11/16,"Oct 1, 2015 - Jan 23, 2017",Returning Users,105
10/12/16,"Oct 1, 2015 - Jan 23, 2017",New Users,177
10/12/16,"Oct 1, 2015 - Jan 23, 2017",Returning Users,109
10/13/16,"Oct 1, 2015 - Jan 23, 2017",New Users,144
10/13/16,"Oct 1, 2015 - Jan 23, 2017",Returning Users,108
10/14/16,"Oct 1, 2015 - Jan 23, 2017",New Users,136
10/14/16,"Oct 1, 2015 - Jan 23, 2017",Returning Users,80
10/15/16,"Oct 1, 2015 - Jan 23, 2017",New Users,61
10/15/16,"Oct 1, 2015 - Jan 23, 2017",Returning Users,36
10/16/16,"Oct 1, 2015 - Jan 23, 2017",New Users,66
10/16/16,"Oct 1, 2015 - Jan 23, 2017",Returning Users,63
10/17/16,"Oct 1, 2015 - Jan 23, 2017",New Users,161
10/17/16,"Oct 1, 2015 - Jan 23, 2017",Returning Users,104
10/18/16,"Oct 1, 2015 - Jan 23, 2017",New Users,149
10/18/16,"Oct 1, 2015 - Jan 23, 2017",Returning Users,96
10/19/16,"Oct 1, 2015 - Jan 23, 2017",New Users,172
10/19/16,"Oct 1, 2015 - Jan 23, 2017",Returning Users,110
10/20/16,"Oct 1, 2015 - Jan 23, 2017",New Users,159
10/20/16,"Oct 1, 2015 - Jan 23, 2017",Returning Users,94
10/21/16,"Oct 1, 2015 - Jan 23, 2017",New Users,136
10/21/16,"Oct 1, 2015 - Jan 23, 2017",Returning Users,78
10/22/16,"Oct 1, 2015 - Jan 23, 2017",New Users,64
10/22/16,"Oct 1, 2015 - Jan 23, 2017",Returning Users,25
10/23/16,"Oct 1, 2015 - Jan 23, 2017",New Users,98
10/23/16,"Oct 1, 2015 - Jan 23, 2017",Returning Users,47
10/24/16,"Oct 1, 2015 - Jan 23, 2017",New Users,157
10/24/16,"Oct 1, 2015 - Jan 23, 2017",Returning Users,95
10/25/16,"Oct 1, 2015 - Jan 23, 2017",New Users,154
10/25/16,"Oct 1, 2015 - Jan 23, 2017",Returning Users,93
10/26/16,"Oct 1, 2015 - Jan 23, 2017",New Users,208
10/26/16,"Oct 1, 2015 - Jan 23, 2017",Returning Users,21
10/27/16,"Oct 1, 2015 - Jan 23, 2017",New Users,192
10/27/16,"Oct 1, 2015 - Jan 23, 2017",Returning Users,56
10/28/16,"Oct 1, 2015 - Jan 23, 2017",New Users,183
10/28/16,"Oct 1, 2015 - Jan 23, 2017",Returning Users,79
10/29/16,"Oct 1, 2015 - Jan 23, 2017",New Users,150
10/29/16,"Oct 1, 2015 - Jan 23, 2017",Returning Users,41
10/30/16,"Oct 1, 2015 - Jan 23, 2017",New Users,123
10/30/16,"Oct 1, 2015 - Jan 23, 2017",Returning Users,55
10/31/16,"Oct 1, 2015 - Jan 23, 2017",New Users,176
10/31/16,"Oct 1, 2015 - Jan 23, 2017",Returning Users,89
11/1/16,"Oct 1, 2015 - Jan 23, 2017",New Users,168
11/1/16,"Oct 1, 2015 - Jan 23, 2017",Returning Users,77
11/2/16,"Oct 1, 2015 - Jan 23, 2017",New Users,167
11/2/16,"Oct 1, 2015 - Jan 23, 2017",Returning Users,83
11/3/16,"Oct 1, 2015 - Jan 23, 2017",New Users,169
11/3/16,"Oct 1, 2015 - Jan 23, 2017",Returning Users,106
11/4/16,"Oct 1, 2015 - Jan 23, 2017",New Users,137
11/4/16,"Oct 1, 2015 - Jan 23, 2017",Returning Users,89
11/5/16,"Oct 1, 2015 - Jan 23, 2017",New Users,73
11/5/16,"Oct 1, 2015 - Jan 23, 2017",Returning Users,38
11/6/16,"Oct 1, 2015 - Jan 23, 2017",New Users,105
11/6/16,"Oct 1, 2015 - Jan 23, 2017",Returning Users,56
11/7/16,"Oct 1, 2015 - Jan 23, 2017",New Users,170
11/7/16,"Oct 1, 2015 - Jan 23, 2017",Returning Users,93
11/8/16,"Oct 1, 2015 - Jan 23, 2017",New Users,157
11/8/16,"Oct 1, 2015 - Jan 23, 2017",Returning Users,100
11/9/16,"Oct 1, 2015 - Jan 23, 2017",New Users,161
11/9/16,"Oct 1, 2015 - Jan 23, 2017",Returning Users,84
11/10/16,"Oct 1, 2015 - Jan 23, 2017",New Users,167
11/10/16,"Oct 1, 2015 - Jan 23, 2017",Returning Users,81
11/11/16,"Oct 1, 2015 - Jan 23, 2017",New Users,123
11/11/16,"Oct 1, 2015 - Jan 23, 2017",Returning Users,53
11/12/16,"Oct 1, 2015 - Jan 23, 2017",New Users,76
11/12/16,"Oct 1, 2015 - Jan 23, 2017",Returning Users,28
11/13/16,"Oct 1, 2015 - Jan 23, 2017",New Users,127
11/13/16,"Oct 1, 2015 - Jan 23, 2017",Returning Users,48
11/14/16,"Oct 1, 2015 - Jan 23, 2017",New Users,188
11/14/16,"Oct 1, 2015 - Jan 23, 2017",Returning Users,112
11/15/16,"Oct 1, 2015 - Jan 23, 2017",New Users,211
11/15/16,"Oct 1, 2015 - Jan 23, 2017",Returning Users,113
11/16/16,"Oct 1, 2015 - Jan 23, 2017",New Users,551
11/16/16,"Oct 1, 2015 - Jan 23, 2017",Returning Users,131
11/17/16,"Oct 1, 2015 - Jan 23, 2017",New Users,303
11/17/16,"Oct 1, 2015 - Jan 23, 2017",Returning Users,100
11/18/16,"Oct 1, 2015 - Jan 23, 2017",New Users,257
11/18/16,"Oct 1, 2015 - Jan 23, 2017",Returning Users,88
11/19/16,"Oct 1, 2015 - Jan 23, 2017",New Users,172
11/19/16,"Oct 1, 2015 - Jan 23, 2017",Returning Users,60
11/20/16,"Oct 1, 2015 - Jan 23, 2017",New Users,150
11/20/16,"Oct 1, 2015 - Jan 23, 2017",Returning Users,72
11/21/16,"Oct 1, 2015 - Jan 23, 2017",New Users,199
11/21/16,"Oct 1, 2015 - Jan 23, 2017",Returning Users,132
11/22/16,"Oct 1, 2015 - Jan 23, 2017",New Users,201
11/22/16,"Oct 1, 2015 - Jan 23, 2017",Returning Users,121
11/23/16,"Oct 1, 2015 - Jan 23, 2017",New Users,186
11/23/16,"Oct 1, 2015 - Jan 23, 2017",Returning Users,92
11/24/16,"Oct 1, 2015 - Jan 23, 2017",New Users,156
11/24/16,"Oct 1, 2015 - Jan 23, 2017",Returning Users,99
11/25/16,"Oct 1, 2015 - Jan 23, 2017",New Users,127
11/25/16,"Oct 1, 2015 - Jan 23, 2017",Returning Users,69
11/26/16,"Oct 1, 2015 - Jan 23, 2017",New Users,74
11/26/16,"Oct 1, 2015 - Jan 23, 2017",Returning Users,39
11/27/16,"Oct 1, 2015 - Jan 23, 2017",New Users,109
11/27/16,"Oct 1, 2015 - Jan 23, 2017",Returning Users,54
11/28/16,"Oct 1, 2015 - Jan 23, 2017",New Users,165
11/28/16,"Oct 1, 2015 - Jan 23, 2017",Returning Users,99
11/29/16,"Oct 1, 2015 - Jan 23, 2017",New Users,172
11/29/16,"Oct 1, 2015 - Jan 23, 2017",Returning Users,102
11/30/16,"Oct 1, 2015 - Jan 23, 2017",New Users,189
11/30/16,"Oct 1, 2015 - Jan 23, 2017",Returning Users,103
12/1/16,"Oct 1, 2015 - Jan 23, 2017",New Users,183
12/1/16,"Oct 1, 2015 - Jan 23, 2017",Returning Users,88
12/2/16,"Oct 1, 2015 - Jan 23, 2017",New Users,132
12/2/16,"Oct 1, 2015 - Jan 23, 2017",Returning Users,74
12/3/16,"Oct 1, 2015 - Jan 23, 2017",New Users,79
12/3/16,"Oct 1, 2015 - Jan 23, 2017",Returning Users,40
12/4/16,"Oct 1, 2015 - Jan 23, 2017",New Users,114
12/4/16,"Oct 1, 2015 - Jan 23, 2017",Returning Users,73
12/5/16,"Oct 1, 2015 - Jan 23, 2017",New Users,223
12/5/16,"Oct 1, 2015 - Jan 23, 2017",Returning Users,131
12/6/16,"Oct 1, 2015 - Jan 23, 2017",New Users,195
12/6/16,"Oct 1, 2015 - Jan 23, 2017",Returning Users,104
12/7/16,"Oct 1, 2015 - Jan 23, 2017",New Users,175
12/7/16,"Oct 1, 2015 - Jan 23, 2017",Returning Users,96
12/8/16,"Oct 1, 2015 - Jan 23, 2017",New Users,149
12/8/16,"Oct 1, 2015 - Jan 23, 2017",Returning Users,105
12/9/16,"Oct 1, 2015 - Jan 23, 2017",New Users,156
12/9/16,"Oct 1, 2015 - Jan 23, 2017",Returning Users,78
12/10/16,"Oct 1, 2015 - Jan 23, 2017",New Users,108
12/10/16,"Oct 1, 2015 - Jan 23, 2017",Returning Users,47
12/11/16,"Oct 1, 2015 - Jan 23, 2017",New Users,119
12/11/16,"Oct 1, 2015 - Jan 23, 2017",Returning Users,70
12/12/16,"Oct 1, 2015 - Jan 23, 2017",New Users,172
12/12/16,"Oct 1, 2015 - Jan 23, 2017",Returning Users,113
12/13/16,"Oct 1, 2015 - Jan 23, 2017",New Users,186
12/13/16,"Oct 1, 2015 - Jan 23, 2017",Returning Users,117
12/14/16,"Oct 1, 2015 - Jan 23, 2017",New Users,171
12/14/16,"Oct 1, 2015 - Jan 23, 2017",Returning Users,79
12/15/16,"Oct 1, 2015 - Jan 23, 2017",New Users,175
12/15/16,"Oct 1, 2015 - Jan 23, 2017",Returning Users,71
12/16/16,"Oct 1, 2015 - Jan 23, 2017",New Users,116
12/16/16,"Oct 1, 2015 - Jan 23, 2017",Returning Users,63
12/17/16,"Oct 1, 2015 - Jan 23, 2017",New Users,75
12/17/16,"Oct 1, 2015 - Jan 23, 2017",Returning Users,28
12/18/16,"Oct 1, 2015 - Jan 23, 2017",New Users,101
12/18/16,"Oct 1, 2015 - Jan 23, 2017",Returning Users,41
12/19/16,"Oct 1, 2015 - Jan 23, 2017",New Users,240
12/19/16,"Oct 1, 2015 - Jan 23, 2017",Returning Users,86
12/20/16,"Oct 1, 2015 - Jan 23, 2017",New Users,271
12/20/16,"Oct 1, 2015 - Jan 23, 2017",Returning Users,113
12/21/16,"Oct 1, 2015 - Jan 23, 2017",New Users,232
12/21/16,"Oct 1, 2015 - Jan 23, 2017",Returning Users,106
12/22/16,"Oct 1, 2015 - Jan 23, 2017",New Users,174
12/22/16,"Oct 1, 2015 - Jan 23, 2017",Returning Users,79
12/23/16,"Oct 1, 2015 - Jan 23, 2017",New Users,99
12/23/16,"Oct 1, 2015 - Jan 23, 2017",Returning Users,57
12/24/16,"Oct 1, 2015 - Jan 23, 2017",New Users,55
12/24/16,"Oct 1, 2015 - Jan 23, 2017",Returning Users,24
12/25/16,"Oct 1, 2015 - Jan 23, 2017",New Users,71
12/25/16,"Oct 1, 2015 - Jan 23, 2017",Returning Users,32
12/26/16,"Oct 1, 2015 - Jan 23, 2017",New Users,106
12/26/16,"Oct 1, 2015 - Jan 23, 2017",Returning Users,61
12/27/16,"Oct 1, 2015 - Jan 23, 2017",New Users,121
12/27/16,"Oct 1, 2015 - Jan 23, 2017",Returning Users,63
12/28/16,"Oct 1, 2015 - Jan 23, 2017",New Users,101
12/28/16,"Oct 1, 2015 - Jan 23, 2017",Returning Users,72
12/29/16,"Oct 1, 2015 - Jan 23, 2017",New Users,116
12/29/16,"Oct 1, 2015 - Jan 23, 2017",Returning Users,73
12/30/16,"Oct 1, 2015 - Jan 23, 2017",New Users,86
12/30/16,"Oct 1, 2015 - Jan 23, 2017",Returning Users,52
12/31/16,"Oct 1, 2015 - Jan 23, 2017",New Users,52
12/31/16,"Oct 1, 2015 - Jan 23, 2017",Returning Users,29
1/1/17,"Oct 1, 2015 - Jan 23, 2017",New Users,64
1/1/17,"Oct 1, 2015 - Jan 23, 2017",Returning Users,42
1/2/17,"Oct 1, 2015 - Jan 23, 2017",New Users,96
1/2/17,"Oct 1, 2015 - Jan 23, 2017",Returning Users,74
1/3/17,"Oct 1, 2015 - Jan 23, 2017",New Users,171
1/3/17,"Oct 1, 2015 - Jan 23, 2017",Returning Users,116
1/4/17,"Oct 1, 2015 - Jan 23, 2017",New Users,163
1/4/17,"Oct 1, 2015 - Jan 23, 2017",Returning Users,100
1/5/17,"Oct 1, 2015 - Jan 23, 2017",New Users,151
1/5/17,"Oct 1, 2015 - Jan 23, 2017",Returning Users,99
1/6/17,"Oct 1, 2015 - Jan 23, 2017",New Users,106
1/6/17,"Oct 1, 2015 - Jan 23, 2017",Returning Users,69
1/7/17,"Oct 1, 2015 - Jan 23, 2017",New Users,67
1/7/17,"Oct 1, 2015 - Jan 23, 2017",Returning Users,27
1/8/17,"Oct 1, 2015 - Jan 23, 2017",New Users,82
1/8/17,"Oct 1, 2015 - Jan 23, 2017",Returning Users,38
1/9/17,"Oct 1, 2015 - Jan 23, 2017",New Users,166
1/9/17,"Oct 1, 2015 - Jan 23, 2017",Returning Users,104
1/10/17,"Oct 1, 2015 - Jan 23, 2017",New Users,157
1/10/17,"Oct 1, 2015 - Jan 23, 2017",Returning Users,89
1/11/17,"Oct 1, 2015 - Jan 23, 2017",New Users,182
1/11/17,"Oct 1, 2015 - Jan 23, 2017",Returning Users,99
1/12/17,"Oct 1, 2015 - Jan 23, 2017",New Users,187
1/12/17,"Oct 1, 2015 - Jan 23, 2017",Returning Users,92
1/13/17,"Oct 1, 2015 - Jan 23, 2017",New Users,167
1/13/17,"Oct 1, 2015 - Jan 23, 2017",Returning Users,99
1/14/17,"Oct 1, 2015 - Jan 23, 2017",New Users,67
1/14/17,"Oct 1, 2015 - Jan 23, 2017",Returning Users,30
1/15/17,"Oct 1, 2015 - Jan 23, 2017",New Users,101
1/15/17,"Oct 1, 2015 - Jan 23, 2017",Returning Users,54
1/16/17,"Oct 1, 2015 - Jan 23, 2017",New Users,177
1/16/17,"Oct 1, 2015 - Jan 23, 2017",Returning Users,112
1/17/17,"Oct 1, 2015 - Jan 23, 2017",New Users,167
1/17/17,"Oct 1, 2015 - Jan 23, 2017",Returning Users,113
1/18/17,"Oct 1, 2015 - Jan 23, 2017",New Users,185
1/18/17,"Oct 1, 2015 - Jan 23, 2017",Returning Users,87
1/19/17,"Oct 1, 2015 - Jan 23, 2017",New Users,180
1/19/17,"Oct 1, 2015 - Jan 23, 2017",Returning Users,98
1/20/17,"Oct 1, 2015 - Jan 23, 2017",New Users,130
1/20/17,"Oct 1, 2015 - Jan 23, 2017",Returning Users,91
1/21/17,"Oct 1, 2015 - Jan 23, 2017",New Users,80
1/21/17,"Oct 1, 2015 - Jan 23, 2017",Returning Users,43
1/22/17,"Oct 1, 2015 - Jan 23, 2017",New Users,102
1/22/17,"Oct 1, 2015 - Jan 23, 2017",Returning Users,54
1/23/17,"Oct 1, 2015 - Jan 23, 2017",New Users,200
1/23/17,"Oct 1, 2015 - Jan 23, 2017",Returning Users,102
